<?xml version="1.0"?>
<Content xmlns:xsi="http://www.w3.org/2001/XMLSchema-instance" xmlns:xsd="http://www.w3.org/2001/XMLSchema">
  <Object id="BootstrapClick">
    <Group>
      <Name>General</Name>
      <Type>Main</Type>
      <Childs>
        
        <Prop>
          <Id>ButtonId</Id>
          <Name>ButtonId</Name>
          <Type>Custom</Type>
          <CustomType>Artech.Genexus.Common.CustomTypes.ControlAttVarReference, Artech.Genexus.Common</CustomType>
          <Metadata>
            <Value name="FlagSetValueMethod">SetButtonId</Value>
            <Value name="FlagGetValueMethod">GetButtonId</Value>
          </Metadata>
        </Prop>

      </Childs>
    </Group>
  </Object>
</Content>